Service Type,TP,FP,FN,Precision,Recall,F-measure
Application Services,8,0,1,1.0,0.8888888888888888,0.9411764705882353
Entity Services,0,9,8,0.0,0.0,0.0
Utility Services,1,0,1,1.0,0.5,0.6666666666666666
Average,NULL,NULL,NULL,0.6666666666666666,0.46296296296296297,0.5359477124183006
