Model,Microservice Ground Truth Count,Microservice Generated Count,TP,FP,FN,Precision,Recall,F-measure
custom_cmeans,11,7,3,4,8,0.42857142857142855,0.2727272727272727,0.33333333333333326
cmeans,11,15,7,8,4,0.4666666666666667,0.6363636363636364,0.5384615384615385
hierarchical,11,9,2,7,9,0.2222222222222222,0.18181818181818182,0.19999999999999998
