Phase 2 Model,Average Precision,Average Recall,Average F-measure
GirvanNewman,0.7333333333333334,0.5416666666666666,0.6068376068376068
