Phase 2 Model,Average Precision,Average Recall,Average F-measure
GirvanNewman,0.07407407407407407,0.09722222222222221,0.08366013071895424
