Phase 2 Model,Average Precision,Average Recall,Average F-measure
Walktrap,0.043184885290148446,0.09722222222222221,0.058412698412698416
