Phase 2 Model,Average Precision,Average Recall,Average F-measure
Walktrap,0.013888888888888888,0.012345679012345678,0.013071895424836603
