Phase 2 Model,Average Precision,Average Recall,Average F-measure
GirvanNewman,0.016666666666666666,0.012345679012345678,0.014184397163120567
