Phase 2 Model,Average Precision,Average Recall,Average F-measure
LabelPropagation,0.1111111111111111,0.05555555555555555,0.07407407407407407
