Service Type,TP,FP,FN,Precision,Recall,F-measure
Application Services,8,0,1,1.0,0.8888888888888888,0.9411764705882353
Entity Services,1,7,7,0.125,0.125,0.125
Utility Services,1,0,1,1.0,0.5,0.6666666666666666
Average,NULL,NULL,NULL,0.7083333333333334,0.5046296296296297,0.5776143790849674
