Service Type,TP,FP,FN,Precision,Recall,F-measure
Application Services,9,0,0,1.0,1.0,1.0
Entity Services,1,9,7,0.1,0.125,0.11111111111111112
Utility Services,1,0,1,1.0,0.5,0.6666666666666666
Average,NULL,NULL,NULL,0.7000000000000001,0.5416666666666666,0.5925925925925926
