Service Type,TP,FP,FN,Precision,Recall,F-measure
Application Services,9,0,0,1.0,1.0,1.0
Entity Services,1,10,7,0.09090909090909091,0.125,0.10526315789473685
Utility Services,1,0,1,1.0,0.5,0.6666666666666666
Average,NULL,NULL,NULL,0.6969696969696969,0.5416666666666666,0.5906432748538012
